hour, t(sec), V1, VAngle1, V2, VAngle2, V3, VAngle3, I1, IAngle1, I2, IAngle2, I3, IAngle3
0, 0.00100, 289.912, -1.9134, 287.935, -120.687, 288.152, 119.255, 688.007, 178.1, 693.09, 59.3, 692.639, -60.8
0, 0.00200, 289.918, -1.91163, 287.948, -120.684, 288.144, 119.256, 690.092, 178.1, 694.732, 59.3, 694.207, -60.7
0, 0.00300, 289.924, -1.90945, 287.951, -120.683, 288.148, 119.257, 691.177, 178.1, 695.582, 59.3, 695.04, -60.7
0, 0.00400, 289.929, -1.90794, 287.953, -120.682, 288.151, 119.258, 691.939, 178.1, 696.212, 59.3, 695.652, -60.7
0, 0.00500, 289.932, -1.90692, 287.955, -120.681, 288.153, 119.259, 692.458, 178.1, 696.626, 59.3, 696.066, -60.7
0, 0.00600, 289.934, -1.90623, 287.955, -120.681, 288.155, 119.259, 692.799, 178.1, 696.887, 59.3, 696.338, -60.7
0, 0.00700, 289.935, -1.90583, 287.956, -120.68, 288.155, 119.259, 692.998, 178.1, 697.049, 59.3, 696.497, -60.7
0, 0.00800, 289.935, -1.90564, 287.956, -120.68, 288.155, 119.259, 693.096, 178.1, 697.139, 59.3, 696.575, -60.7
0, 0.00900, 289.935, -1.90558, 287.956, -120.68, 288.156, 119.259, 693.132, 178.1, 697.175, 59.3, 696.606, -60.7
0, 0.01000, 289.935, -1.9056, 287.956, -120.68, 288.155, 119.259, 693.123, 178.1, 697.172, 59.3, 696.601, -60.7
0, 0.01100, 289.935, -1.90569, 287.956, -120.68, 288.155, 119.259, 693.081, 178.1, 697.141, 59.3, 696.57, -60.7
0, 0.01200, 289.935, -1.90577, 287.956, -120.68, 288.155, 119.259, 693.026, 178.1, 697.092, 59.3, 696.52, -60.7
0, 0.01300, 289.935, -1.90591, 287.956, -120.68, 288.155, 119.259, 692.962, 178.1, 697.029, 59.3, 696.469, -60.7
0, 0.01400, 289.934, -1.90607, 287.956, -120.68, 288.155, 119.259, 692.881, 178.1, 696.958, 59.3, 696.416, -60.7
0, 0.01500, 289.934, -1.90625, 287.955, -120.681, 288.155, 119.259, 692.789, 178.1, 696.882, 59.3, 696.352, -60.7
0, 0.01600, 289.933, -1.90645, 287.955, -120.681, 288.154, 119.259, 692.692, 178.1, 696.803, 59.3, 696.28, -60.7
0, 0.01700, 289.932, -1.90663, 287.955, -120.681, 288.154, 119.259, 692.592, 178.1, 696.732, 59.3, 696.206, -60.7
0, 0.01800, 289.932, -1.90685, 287.955, -120.681, 288.154, 119.259, 692.492, 178.1, 696.669, 59.3, 696.13, -60.7
0, 0.01900, 289.931, -1.90706, 287.955, -120.681, 288.153, 119.259, 692.392, 178.1, 696.6, 59.3, 696.055, -60.7
0, 0.02000, 289.931, -1.90726, 287.955, -120.681, 288.153, 119.259, 692.294, 178.1, 696.529, 59.3, 695.98, -60.7
0, 0.02100, 289.93, -1.90746, 287.954, -120.681, 288.152, 119.258, 692.198, 178.1, 696.455, 59.3, 695.907, -60.7
0, 0.02200, 289.93, -1.90765, 287.954, -120.681, 288.152, 119.258, 692.104, 178.1, 696.382, 59.3, 695.835, -60.7
0, 0.02300, 289.929, -1.90783, 287.954, -120.682, 288.152, 119.258, 692.013, 178.1, 696.312, 59.3, 695.766, -60.7
0, 0.02400, 289.929, -1.90801, 287.954, -120.682, 288.151, 119.258, 691.925, 178.1, 696.243, 59.3, 695.699, -60.7
0, 0.02500, 289.928, -1.90818, 287.954, -120.682, 288.151, 119.258, 691.84, 178.1, 696.176, 59.3, 695.634, -60.7
0, 0.02600, 289.928, -1.90835, 287.953, -120.682, 288.151, 119.258, 691.759, 178.1, 696.111, 59.3, 695.571, -60.7
0, 0.02700, 289.927, -1.90851, 287.953, -120.682, 288.15, 119.258, 691.68, 178.1, 696.049, 59.3, 695.51, -60.7
0, 0.02800, 289.927, -1.90866, 287.953, -120.682, 288.15, 119.258, 691.604, 178.1, 695.988, 59.3, 695.452, -60.7
0, 0.02900, 289.926, -1.90881, 287.953, -120.682, 288.15, 119.258, 691.531, 178.1, 695.931, 59.3, 695.396, -60.7
0, 0.03000, 289.926, -1.90895, 287.953, -120.682, 288.149, 119.258, 691.461, 178.1, 695.875, 59.3, 695.343, -60.7
0, 0.03100, 289.925, -1.90908, 287.952, -120.682, 288.149, 119.258, 691.394, 178.1, 695.821, 59.3, 695.291, -60.7
0, 0.03200, 289.925, -1.90921, 287.952, -120.682, 288.149, 119.258, 691.33, 178.1, 695.77, 59.3, 695.242, -60.7
0, 0.03300, 289.925, -1.90929, 287.952, -120.683, 288.149, 119.257, 691.278, 178.1, 695.721, 59.3, 695.194, -60.7
0, 0.03400, 289.925, -1.90937, 287.952, -120.683, 288.149, 119.257, 691.235, 178.1, 695.673, 59.3, 695.148, -60.7
0, 0.03500, 289.924, -1.90946, 287.952, -120.683, 288.148, 119.257, 691.187, 178.1, 695.628, 59.3, 695.105, -60.7
0, 0.03600, 289.924, -1.90955, 287.951, -120.683, 288.148, 119.257, 691.137, 178.1, 695.584, 59.3, 695.063, -60.7
0, 0.03700, 289.924, -1.90965, 287.951, -120.683, 288.148, 119.257, 691.088, 178.1, 695.542, 59.3, 695.022, -60.7
0, 0.03800, 289.924, -1.90974, 287.951, -120.683, 288.148, 119.257, 691.04, 178.1, 695.502, 59.3, 694.984, -60.7
0, 0.03900, 289.923, -1.90984, 287.951, -120.683, 288.148, 119.257, 690.993, 178.1, 695.464, 59.3, 694.947, -60.7
0, 0.04000, 289.923, -1.90993, 287.951, -120.683, 288.147, 119.257, 690.948, 178.1, 695.427, 59.3, 694.911, -60.7
0, 0.04100, 289.923, -1.91002, 287.951, -120.683, 288.147, 119.257, 690.904, 178.1, 695.391, 59.3, 694.877, -60.7
0, 0.04200, 289.923, -1.9101, 287.951, -120.683, 288.147, 119.257, 690.861, 178.1, 695.357, 59.3, 694.845, -60.7
0, 0.04300, 289.922, -1.91019, 287.951, -120.683, 288.147, 119.257, 690.82, 178.1, 695.325, 59.3, 694.813, -60.7
0, 0.04400, 289.922, -1.91027, 287.95, -120.683, 288.147, 119.257, 690.78, 178.1, 695.293, 59.3, 694.783, -60.7
0, 0.04500, 289.922, -1.91034, 287.95, -120.683, 288.147, 119.257, 690.742, 178.1, 695.263, 59.3, 694.759, -60.7
0, 0.04600, 289.922, -1.91042, 287.95, -120.683, 288.147, 119.257, 690.706, 178.1, 695.24, 59.3, 694.743, -60.7
0, 0.04700, 289.921, -1.91051, 287.95, -120.683, 288.147, 119.257, 690.671, 178.1, 695.224, 59.3, 694.732, -60.7
0, 0.04800, 289.921, -1.91059, 287.95, -120.683, 288.146, 119.257, 690.637, 178.1, 695.212, 59.3, 694.724, -60.7
0, 0.04900, 289.921, -1.91067, 287.951, -120.683, 288.146, 119.257, 690.604, 178.1, 695.204, 59.3, 694.718, -60.7
0, 0.05000, 289.921, -1.91075, 287.951, -120.683, 288.146, 119.257, 690.573, 178.1, 695.199, 59.3, 694.714, -60.7
0, 0.05100, 289.92, -1.91083, 287.951, -120.683, 288.146, 119.257, 690.543, 178.1, 695.195, 59.3, 694.711, -60.7
0, 0.05200, 289.92, -1.9109, 287.951, -120.683, 288.146, 119.257, 690.519, 178.1, 695.192, 59.3, 694.709, -60.7
0, 0.05300, 289.92, -1.91094, 287.951, -120.683, 288.146, 119.257, 690.504, 178.1, 695.19, 59.3, 694.708, -60.7
0, 0.05400, 289.92, -1.91097, 287.951, -120.683, 288.146, 119.257, 690.492, 178.1, 695.188, 59.3, 694.707, -60.7
0, 0.05500, 289.92, -1.91099, 287.951, -120.683, 288.146, 119.257, 690.484, 178.1, 695.187, 59.3, 694.706, -60.7
0, 0.05600, 289.92, -1.911, 287.951, -120.683, 288.146, 119.257, 690.479, 178.1, 695.187, 59.3, 694.706, -60.7
0, 0.05700, 289.92, -1.91102, 287.951, -120.683, 288.146, 119.257, 690.475, 178.1, 695.186, 59.3, 694.705, -60.7
0, 0.05800, 289.92, -1.91102, 287.951, -120.683, 288.146, 119.257, 690.472, 178.1, 695.186, 59.3, 694.705, -60.7
0, 0.05900, 289.92, -1.91103, 287.951, -120.683, 288.146, 119.257, 690.47, 178.1, 695.186, 59.3, 694.705, -60.7
0, 0.06000, 289.92, -1.91103, 287.951, -120.683, 288.146, 119.257, 690.468, 178.1, 695.185, 59.3, 694.705, -60.7
0, 0.06100, 289.92, -1.91103, 287.951, -120.683, 288.146, 119.257, 690.467, 178.1, 695.185, 59.3, 694.705, -60.7
0, 0.06200, 289.92, -1.91104, 287.951, -120.683, 288.146, 119.257, 690.467, 178.1, 695.185, 59.3, 694.705, -60.7
0, 0.06300, 289.92, -1.91104, 287.951, -120.683, 288.146, 119.257, 690.466, 178.1, 695.185, 59.3, 694.705, -60.7
0, 0.06400, 289.92, -1.91104, 287.951, -120.683, 288.146, 119.257, 690.466, 178.1, 695.185, 59.3, 694.705, -60.7
0, 0.06500, 289.92, -1.91104, 287.951, -120.683, 288.146, 119.257, 690.466, 178.1, 695.185, 59.3, 694.705, -60.7
0, 0.06600, 289.92, -1.91104, 287.951, -120.683, 288.146, 119.257, 690.465, 178.1, 695.185, 59.3, 694.705, -60.7
0, 0.06700, 289.92, -1.91104, 287.951, -120.683, 288.146, 119.257, 690.465, 178.1, 695.185, 59.3, 694.705, -60.7
0, 0.06800, 289.92, -1.91104, 287.951, -120.683, 288.146, 119.257, 690.465, 178.1, 695.185, 59.3, 694.705, -60.7
0, 0.06900, 289.92, -1.91104, 287.951, -120.683, 288.146, 119.257, 690.465, 178.1, 695.185, 59.3, 694.704, -60.7
0, 0.07000, 289.92, -1.91104, 287.951, -120.683, 288.146, 119.257, 690.465, 178.1, 695.185, 59.3, 694.704, -60.7
0, 0.07100, 289.92, -1.91104, 287.951, -120.683, 288.146, 119.257, 690.465, 178.1, 695.185, 59.3, 694.704, -60.7
0, 0.07200, 289.92, -1.91104, 287.951, -120.683, 288.146, 119.257, 690.465, 178.1, 695.185, 59.3, 694.704, -60.7
0, 0.07300, 289.92, -1.91104, 287.951, -120.683, 288.146, 119.257, 690.465, 178.1, 695.185, 59.3, 694.704, -60.7
0, 0.07400, 289.92, -1.91104, 287.951, -120.683, 288.146, 119.257, 690.465, 178.1, 695.185, 59.3, 694.704, -60.7
0, 0.07500, 289.92, -1.91104, 287.951, -120.683, 288.146, 119.257, 690.465, 178.1, 695.185, 59.3, 694.704, -60.7
0, 0.07600, 289.92, -1.91104, 287.951, -120.683, 288.146, 119.257, 690.465, 178.1, 695.185, 59.3, 694.704, -60.7
0, 0.07700, 289.92, -1.91104, 287.951, -120.683, 288.146, 119.257, 690.465, 178.1, 695.185, 59.3, 694.704, -60.7
0, 0.07800, 289.92, -1.91104, 287.951, -120.683, 288.146, 119.257, 690.465, 178.1, 695.185, 59.3, 694.704, -60.7
0, 0.07900, 289.92, -1.91104, 287.951, -120.683, 288.146, 119.257, 690.465, 178.1, 695.185, 59.3, 694.704, -60.7
0, 0.08000, 289.92, -1.91104, 287.951, -120.683, 288.146, 119.257, 690.465, 178.1, 695.185, 59.3, 694.704, -60.7
0, 0.08100, 289.92, -1.91104, 287.951, -120.683, 288.146, 119.257, 690.465, 178.1, 695.185, 59.3, 694.704, -60.7
0, 0.08200, 289.92, -1.91104, 287.951, -120.683, 288.146, 119.257, 690.465, 178.1, 695.185, 59.3, 694.704, -60.7
0, 0.08300, 289.92, -1.91104, 287.951, -120.683, 288.146, 119.257, 690.465, 178.1, 695.185, 59.3, 694.704, -60.7
0, 0.08400, 289.92, -1.91104, 287.951, -120.683, 288.146, 119.257, 690.465, 178.1, 695.185, 59.3, 694.704, -60.7
0, 0.08500, 289.92, -1.91104, 287.951, -120.683, 288.146, 119.257, 690.465, 178.1, 695.185, 59.3, 694.704, -60.7
0, 0.08600, 289.92, -1.91104, 287.951, -120.683, 288.146, 119.257, 690.465, 178.1, 695.185, 59.3, 694.704, -60.7
0, 0.08700, 289.92, -1.91104, 287.951, -120.683, 288.146, 119.257, 690.465, 178.1, 695.185, 59.3, 694.704, -60.7
0, 0.08800, 289.92, -1.91104, 287.951, -120.683, 288.146, 119.257, 690.465, 178.1, 695.185, 59.3, 694.704, -60.7
0, 0.08900, 289.92, -1.91104, 287.951, -120.683, 288.146, 119.257, 690.465, 178.1, 695.185, 59.3, 694.704, -60.7
0, 0.09000, 289.92, -1.91104, 287.951, -120.683, 288.146, 119.257, 690.465, 178.1, 695.185, 59.3, 694.704, -60.7
0, 0.09100, 289.92, -1.91104, 287.951, -120.683, 288.146, 119.257, 690.465, 178.1, 695.185, 59.3, 694.704, -60.7
0, 0.09200, 289.92, -1.91104, 287.951, -120.683, 288.146, 119.257, 690.465, 178.1, 695.185, 59.3, 694.704, -60.7
0, 0.09300, 289.92, -1.91104, 287.951, -120.683, 288.146, 119.257, 690.465, 178.1, 695.185, 59.3, 694.704, -60.7
0, 0.09400, 289.92, -1.91104, 287.951, -120.683, 288.146, 119.257, 690.465, 178.1, 695.185, 59.3, 694.704, -60.7
0, 0.09500, 289.92, -1.91104, 287.951, -120.683, 288.146, 119.257, 690.465, 178.1, 695.185, 59.3, 694.704, -60.7
0, 0.09600, 289.92, -1.91104, 287.951, -120.683, 288.146, 119.257, 690.465, 178.1, 695.185, 59.3, 694.704, -60.7
0, 0.09700, 289.92, -1.91104, 287.951, -120.683, 288.146, 119.257, 690.465, 178.1, 695.185, 59.3, 694.704, -60.7
0, 0.09800, 289.92, -1.91104, 287.951, -120.683, 288.146, 119.257, 690.465, 178.1, 695.185, 59.3, 694.704, -60.7
0, 0.09900, 289.92, -1.91104, 287.951, -120.683, 288.146, 119.257, 690.465, 178.1, 695.185, 59.3, 694.704, -60.7
0, 0.10000, 289.92, -1.91104, 287.951, -120.683, 288.146, 119.257, 690.465, 178.1, 695.185, 59.3, 694.704, -60.7
0, 0.10100, 289.92, -1.91104, 287.951, -120.683, 288.146, 119.257, 690.465, 178.1, 695.185, 59.3, 694.704, -60.7
0, 0.10200, 289.92, -1.91104, 287.951, -120.683, 288.146, 119.257, 690.465, 178.1, 695.185, 59.3, 694.704, -60.7
0, 0.10300, 289.92, -1.91104, 287.951, -120.683, 288.146, 119.257, 690.465, 178.1, 695.185, 59.3, 694.704, -60.7
0, 0.10400, 289.92, -1.91104, 287.951, -120.683, 288.146, 119.257, 690.465, 178.1, 695.185, 59.3, 694.704, -60.7
0, 0.10500, 289.92, -1.91104, 287.951, -120.683, 288.146, 119.257, 690.465, 178.1, 695.185, 59.3, 694.704, -60.7
0, 0.10600, 289.92, -1.91104, 287.951, -120.683, 288.146, 119.257, 690.465, 178.1, 695.185, 59.3, 694.704, -60.7
0, 0.10700, 289.92, -1.91104, 287.951, -120.683, 288.146, 119.257, 690.465, 178.1, 695.185, 59.3, 694.704, -60.7
0, 0.10800, 289.92, -1.91104, 287.951, -120.683, 288.146, 119.257, 690.465, 178.1, 695.185, 59.3, 694.704, -60.7
0, 0.10900, 289.92, -1.91104, 287.951, -120.683, 288.146, 119.257, 690.465, 178.1, 695.185, 59.3, 694.704, -60.7
0, 0.11000, 289.92, -1.91104, 287.951, -120.683, 288.146, 119.257, 690.465, 178.1, 695.185, 59.3, 694.704, -60.7
0, 0.11100, 289.92, -1.91104, 287.951, -120.683, 288.146, 119.257, 690.465, 178.1, 695.185, 59.3, 694.704, -60.7
0, 0.11200, 289.92, -1.91104, 287.951, -120.683, 288.146, 119.257, 690.465, 178.1, 695.185, 59.3, 694.704, -60.7
0, 0.11300, 289.92, -1.91104, 287.951, -120.683, 288.146, 119.257, 690.465, 178.1, 695.185, 59.3, 694.704, -60.7
0, 0.11400, 289.92, -1.91104, 287.951, -120.683, 288.146, 119.257, 690.465, 178.1, 695.185, 59.3, 694.704, -60.7
0, 0.11500, 289.92, -1.91104, 287.951, -120.683, 288.146, 119.257, 690.465, 178.1, 695.185, 59.3, 694.704, -60.7
0, 0.11600, 289.92, -1.91104, 287.951, -120.683, 288.146, 119.257, 690.465, 178.1, 695.185, 59.3, 694.704, -60.7
0, 0.11700, 289.92, -1.91104, 287.951, -120.683, 288.146, 119.257, 690.465, 178.1, 695.185, 59.3, 694.704, -60.7
0, 0.11800, 289.92, -1.91104, 287.951, -120.683, 288.146, 119.257, 690.465, 178.1, 695.185, 59.3, 694.704, -60.7
0, 0.11900, 289.92, -1.91104, 287.951, -120.683, 288.146, 119.257, 690.465, 178.1, 695.185, 59.3, 694.704, -60.7
0, 0.12000, 289.92, -1.91104, 287.951, -120.683, 288.146, 119.257, 690.465, 178.1, 695.185, 59.3, 694.704, -60.7
0, 0.12100, 289.92, -1.91104, 287.951, -120.683, 288.146, 119.257, 690.465, 178.1, 695.185, 59.3, 694.704, -60.7
0, 0.12200, 289.92, -1.91104, 287.951, -120.683, 288.146, 119.257, 690.465, 178.1, 695.185, 59.3, 694.704, -60.7
0, 0.12300, 289.92, -1.91104, 287.951, -120.683, 288.146, 119.257, 690.465, 178.1, 695.185, 59.3, 694.704, -60.7
0, 0.12400, 289.92, -1.91104, 287.951, -120.683, 288.146, 119.257, 690.465, 178.1, 695.185, 59.3, 694.704, -60.7
0, 0.12500, 289.92, -1.91104, 287.951, -120.683, 288.146, 119.257, 690.465, 178.1, 695.185, 59.3, 694.704, -60.7
0, 0.12600, 289.92, -1.91104, 287.951, -120.683, 288.146, 119.257, 690.465, 178.1, 695.185, 59.3, 694.704, -60.7
0, 0.12700, 289.92, -1.91104, 287.951, -120.683, 288.146, 119.257, 690.465, 178.1, 695.185, 59.3, 694.704, -60.7
0, 0.12800, 289.92, -1.91104, 287.951, -120.683, 288.146, 119.257, 690.465, 178.1, 695.185, 59.3, 694.704, -60.7
0, 0.12900, 289.92, -1.91104, 287.951, -120.683, 288.146, 119.257, 690.465, 178.1, 695.185, 59.3, 694.704, -60.7
0, 0.13000, 289.92, -1.91104, 287.951, -120.683, 288.146, 119.257, 690.465, 178.1, 695.185, 59.3, 694.704, -60.7
0, 0.13100, 289.92, -1.91104, 287.951, -120.683, 288.146, 119.257, 690.465, 178.1, 695.185, 59.3, 694.704, -60.7
0, 0.13200, 289.92, -1.91104, 287.951, -120.683, 288.146, 119.257, 690.465, 178.1, 695.185, 59.3, 694.704, -60.7
0, 0.13300, 289.92, -1.91104, 287.951, -120.683, 288.146, 119.257, 690.465, 178.1, 695.185, 59.3, 694.704, -60.7
0, 0.13400, 289.92, -1.91104, 287.951, -120.683, 288.146, 119.257, 690.465, 178.1, 695.185, 59.3, 694.704, -60.7
0, 0.13500, 289.92, -1.91104, 287.951, -120.683, 288.146, 119.257, 690.465, 178.1, 695.185, 59.3, 694.704, -60.7
0, 0.13600, 289.92, -1.91104, 287.951, -120.683, 288.146, 119.257, 690.465, 178.1, 695.185, 59.3, 694.704, -60.7
0, 0.13700, 289.92, -1.91104, 287.951, -120.683, 288.146, 119.257, 690.465, 178.1, 695.185, 59.3, 694.704, -60.7
0, 0.13800, 289.92, -1.91104, 287.951, -120.683, 288.146, 119.257, 690.465, 178.1, 695.185, 59.3, 694.704, -60.7
0, 0.13900, 289.92, -1.91104, 287.951, -120.683, 288.146, 119.257, 690.465, 178.1, 695.185, 59.3, 694.704, -60.7
0, 0.14000, 289.92, -1.91104, 287.951, -120.683, 288.146, 119.257, 690.465, 178.1, 695.185, 59.3, 694.704, -60.7
0, 0.14100, 289.92, -1.91104, 287.951, -120.683, 288.146, 119.257, 690.465, 178.1, 695.185, 59.3, 694.704, -60.7
0, 0.14200, 289.92, -1.91104, 287.951, -120.683, 288.146, 119.257, 690.465, 178.1, 695.185, 59.3, 694.704, -60.7
0, 0.14300, 289.92, -1.91104, 287.951, -120.683, 288.146, 119.257, 690.465, 178.1, 695.185, 59.3, 694.704, -60.7
0, 0.14400, 289.92, -1.91104, 287.951, -120.683, 288.146, 119.257, 690.465, 178.1, 695.185, 59.3, 694.704, -60.7
0, 0.14500, 289.92, -1.91104, 287.951, -120.683, 288.146, 119.257, 690.465, 178.1, 695.185, 59.3, 694.704, -60.7
0, 0.14600, 289.92, -1.91104, 287.951, -120.683, 288.146, 119.257, 690.465, 178.1, 695.185, 59.3, 694.704, -60.7
0, 0.14700, 289.92, -1.91104, 287.951, -120.683, 288.146, 119.257, 690.465, 178.1, 695.185, 59.3, 694.704, -60.7
0, 0.14800, 289.92, -1.91104, 287.951, -120.683, 288.146, 119.257, 690.465, 178.1, 695.185, 59.3, 694.704, -60.7
0, 0.14900, 289.92, -1.91104, 287.951, -120.683, 288.146, 119.257, 690.465, 178.1, 695.185, 59.3, 694.704, -60.7
0, 0.15000, 289.92, -1.91104, 287.951, -120.683, 288.146, 119.257, 690.465, 178.1, 695.185, 59.3, 694.704, -60.7
0, 0.15100, 289.92, -1.91104, 287.951, -120.683, 288.146, 119.257, 690.465, 178.1, 695.185, 59.3, 694.704, -60.7
0, 0.15200, 289.92, -1.91104, 287.951, -120.683, 288.146, 119.257, 690.465, 178.1, 695.185, 59.3, 694.704, -60.7
0, 0.15300, 289.92, -1.91104, 287.951, -120.683, 288.146, 119.257, 690.465, 178.1, 695.185, 59.3, 694.704, -60.7
0, 0.15400, 289.92, -1.91104, 287.951, -120.683, 288.146, 119.257, 690.465, 178.1, 695.185, 59.3, 694.704, -60.7
0, 0.15500, 289.92, -1.91104, 287.951, -120.683, 288.146, 119.257, 690.465, 178.1, 695.185, 59.3, 694.704, -60.7
0, 0.15600, 289.92, -1.91104, 287.951, -120.683, 288.146, 119.257, 690.465, 178.1, 695.185, 59.3, 694.704, -60.7
0, 0.15700, 289.92, -1.91104, 287.951, -120.683, 288.146, 119.257, 690.465, 178.1, 695.185, 59.3, 694.704, -60.7
0, 0.15800, 289.92, -1.91104, 287.951, -120.683, 288.146, 119.257, 690.465, 178.1, 695.185, 59.3, 694.704, -60.7
0, 0.15900, 289.92, -1.91104, 287.951, -120.683, 288.146, 119.257, 690.465, 178.1, 695.185, 59.3, 694.704, -60.7
0, 0.16000, 289.92, -1.91104, 287.951, -120.683, 288.146, 119.257, 690.465, 178.1, 695.185, 59.3, 694.704, -60.7
0, 0.16100, 289.92, -1.91104, 287.951, -120.683, 288.146, 119.257, 690.465, 178.1, 695.185, 59.3, 694.704, -60.7
0, 0.16200, 289.92, -1.91104, 287.951, -120.683, 288.146, 119.257, 690.465, 178.1, 695.185, 59.3, 694.704, -60.7
0, 0.16300, 289.92, -1.91104, 287.951, -120.683, 288.146, 119.257, 690.465, 178.1, 695.185, 59.3, 694.704, -60.7
0, 0.16400, 289.92, -1.91104, 287.951, -120.683, 288.146, 119.257, 690.465, 178.1, 695.185, 59.3, 694.704, -60.7
0, 0.16500, 289.92, -1.91104, 287.951, -120.683, 288.146, 119.257, 690.465, 178.1, 695.185, 59.3, 694.704, -60.7
0, 0.16600, 289.92, -1.91104, 287.951, -120.683, 288.146, 119.257, 690.465, 178.1, 695.185, 59.3, 694.704, -60.7
0, 0.16700, 289.92, -1.91104, 287.951, -120.683, 288.146, 119.257, 690.465, 178.1, 695.185, 59.3, 694.704, -60.7
0, 0.16800, 289.92, -1.91104, 287.951, -120.683, 288.146, 119.257, 690.465, 178.1, 695.185, 59.3, 694.704, -60.7
0, 0.16900, 289.92, -1.91104, 287.951, -120.683, 288.146, 119.257, 690.465, 178.1, 695.185, 59.3, 694.704, -60.7
0, 0.17000, 289.92, -1.91104, 287.951, -120.683, 288.146, 119.257, 690.465, 178.1, 695.185, 59.3, 694.704, -60.7
0, 0.17100, 289.92, -1.91104, 287.951, -120.683, 288.146, 119.257, 690.465, 178.1, 695.185, 59.3, 694.704, -60.7
0, 0.17200, 289.92, -1.91104, 287.951, -120.683, 288.146, 119.257, 690.465, 178.1, 695.185, 59.3, 694.704, -60.7
0, 0.17300, 289.92, -1.91104, 287.951, -120.683, 288.146, 119.257, 690.465, 178.1, 695.185, 59.3, 694.704, -60.7
0, 0.17400, 289.92, -1.91104, 287.951, -120.683, 288.146, 119.257, 690.465, 178.1, 695.185, 59.3, 694.704, -60.7
0, 0.17500, 289.92, -1.91104, 287.951, -120.683, 288.146, 119.257, 690.465, 178.1, 695.185, 59.3, 694.704, -60.7
0, 0.17600, 289.92, -1.91104, 287.951, -120.683, 288.146, 119.257, 690.465, 178.1, 695.185, 59.3, 694.704, -60.7
0, 0.17700, 289.92, -1.91104, 287.951, -120.683, 288.146, 119.257, 690.465, 178.1, 695.185, 59.3, 694.704, -60.7
0, 0.17800, 289.92, -1.91104, 287.951, -120.683, 288.146, 119.257, 690.465, 178.1, 695.185, 59.3, 694.704, -60.7
0, 0.17900, 289.92, -1.91104, 287.951, -120.683, 288.146, 119.257, 690.465, 178.1, 695.185, 59.3, 694.704, -60.7
0, 0.18000, 289.92, -1.91104, 287.951, -120.683, 288.146, 119.257, 690.465, 178.1, 695.185, 59.3, 694.704, -60.7
0, 0.18100, 289.92, -1.91104, 287.951, -120.683, 288.146, 119.257, 690.465, 178.1, 695.185, 59.3, 694.704, -60.7
0, 0.18200, 289.92, -1.91104, 287.951, -120.683, 288.146, 119.257, 690.465, 178.1, 695.185, 59.3, 694.704, -60.7
0, 0.18300, 289.92, -1.91104, 287.951, -120.683, 288.146, 119.257, 690.465, 178.1, 695.185, 59.3, 694.704, -60.7
0, 0.18400, 289.92, -1.91104, 287.951, -120.683, 288.146, 119.257, 690.465, 178.1, 695.185, 59.3, 694.704, -60.7
0, 0.18500, 289.92, -1.91104, 287.951, -120.683, 288.146, 119.257, 690.465, 178.1, 695.185, 59.3, 694.704, -60.7
0, 0.18600, 289.92, -1.91104, 287.951, -120.683, 288.146, 119.257, 690.465, 178.1, 695.185, 59.3, 694.704, -60.7
0, 0.18700, 289.92, -1.91104, 287.951, -120.683, 288.146, 119.257, 690.465, 178.1, 695.185, 59.3, 694.704, -60.7
0, 0.18800, 289.92, -1.91104, 287.951, -120.683, 288.146, 119.257, 690.465, 178.1, 695.185, 59.3, 694.704, -60.7
0, 0.18900, 289.92, -1.91104, 287.951, -120.683, 288.146, 119.257, 690.465, 178.1, 695.185, 59.3, 694.704, -60.7
0, 0.19000, 289.92, -1.91104, 287.951, -120.683, 288.146, 119.257, 690.465, 178.1, 695.185, 59.3, 694.704, -60.7
0, 0.19100, 289.92, -1.91104, 287.951, -120.683, 288.146, 119.257, 690.465, 178.1, 695.185, 59.3, 694.704, -60.7
0, 0.19200, 289.92, -1.91104, 287.951, -120.683, 288.146, 119.257, 690.465, 178.1, 695.185, 59.3, 694.704, -60.7
0, 0.19300, 289.92, -1.91104, 287.951, -120.683, 288.146, 119.257, 690.465, 178.1, 695.185, 59.3, 694.704, -60.7
0, 0.19400, 289.92, -1.91104, 287.951, -120.683, 288.146, 119.257, 690.465, 178.1, 695.185, 59.3, 694.704, -60.7
0, 0.19500, 289.92, -1.91104, 287.951, -120.683, 288.146, 119.257, 690.465, 178.1, 695.185, 59.3, 694.704, -60.7
0, 0.19600, 289.92, -1.91104, 287.951, -120.683, 288.146, 119.257, 690.465, 178.1, 695.185, 59.3, 694.704, -60.7
0, 0.19700, 289.92, -1.91104, 287.951, -120.683, 288.146, 119.257, 690.465, 178.1, 695.185, 59.3, 694.704, -60.7
0, 0.19800, 289.92, -1.91104, 287.951, -120.683, 288.146, 119.257, 690.465, 178.1, 695.185, 59.3, 694.704, -60.7
0, 0.19900, 289.92, -1.91104, 287.951, -120.683, 288.146, 119.257, 690.465, 178.1, 695.185, 59.3, 694.704, -60.7
0, 0.20000, 289.92, -1.91104, 287.951, -120.683, 288.146, 119.257, 690.465, 178.1, 695.185, 59.3, 694.704, -60.7
0, 0.20100, 204.671, 0.591178, 208.73, -121.047, 204.613, 119.508, 721.688, -179.4, 721.688, 59, 721.688, -60.5
0, 0.20200, 204.675, 0.591504, 208.733, -121.047, 204.616, 119.508, 721.688, -179.4, 721.688, 59, 721.688, -60.5
0, 0.20300, 204.675, 0.591504, 208.733, -121.047, 204.616, 119.508, 721.688, -179.4, 721.688, 59, 721.688, -60.5
0, 0.20400, 204.675, 0.591504, 208.733, -121.047, 204.616, 119.508, 721.688, -179.4, 721.688, 59, 721.688, -60.5
0, 0.20500, 204.675, 0.591504, 208.733, -121.047, 204.616, 119.508, 721.688, -179.4, 721.688, 59, 721.688, -60.5
0, 0.20600, 204.675, 0.591504, 208.733, -121.047, 204.616, 119.508, 721.688, -179.4, 721.688, 59, 721.688, -60.5
0, 0.20700, 204.675, 0.591504, 208.733, -121.047, 204.616, 119.508, 721.688, -179.4, 721.688, 59, 721.688, -60.5
0, 0.20800, 204.675, 0.591504, 208.733, -121.047, 204.616, 119.508, 721.688, -179.4, 721.688, 59, 721.688, -60.5
0, 0.20900, 204.675, 0.591504, 208.733, -121.047, 204.616, 119.508, 721.688, -179.4, 721.688, 59, 721.688, -60.5
0, 0.21000, 204.675, 0.591504, 208.733, -121.047, 204.616, 119.508, 721.688, -179.4, 721.688, 59, 721.688, -60.5
0, 0.21100, 204.675, 0.591504, 208.733, -121.047, 204.616, 119.508, 721.688, -179.4, 721.688, 59, 721.688, -60.5
0, 0.21200, 204.675, 0.591504, 208.733, -121.047, 204.616, 119.508, 721.688, -179.4, 721.688, 59, 721.688, -60.5
0, 0.21300, 204.675, 0.591504, 208.733, -121.047, 204.616, 119.508, 721.688, -179.4, 721.688, 59, 721.688, -60.5
0, 0.21400, 204.675, 0.591504, 208.733, -121.047, 204.616, 119.508, 721.688, -179.4, 721.688, 59, 721.688, -60.5
0, 0.21500, 204.675, 0.591504, 208.733, -121.047, 204.616, 119.508, 721.688, -179.4, 721.688, 59, 721.688, -60.5
0, 0.21600, 204.675, 0.591504, 208.733, -121.047, 204.616, 119.508, 721.688, -179.4, 721.688, 59, 721.688, -60.5
0, 0.21700, 204.675, 0.591504, 208.733, -121.047, 204.616, 119.508, 721.688, -179.4, 721.688, 59, 721.688, -60.5
0, 0.21800, 204.675, 0.591504, 208.733, -121.047, 204.616, 119.508, 721.688, -179.4, 721.688, 59, 721.688, -60.5
0, 0.21900, 204.675, 0.591504, 208.733, -121.047, 204.616, 119.508, 721.688, -179.4, 721.688, 59, 721.688, -60.5
0, 0.22000, 204.675, 0.591504, 208.733, -121.047, 204.616, 119.508, 721.688, -179.4, 721.688, 59, 721.688, -60.5
0, 0.22100, 204.675, 0.591504, 208.733, -121.047, 204.616, 119.508, 721.688, -179.4, 721.688, 59, 721.688, -60.5
0, 0.22200, 204.675, 0.591504, 208.733, -121.047, 204.616, 119.508, 721.688, -179.4, 721.688, 59, 721.688, -60.5
0, 0.22300, 204.675, 0.591504, 208.733, -121.047, 204.616, 119.508, 721.688, -179.4, 721.688, 59, 721.688, -60.5
0, 0.22400, 204.675, 0.591504, 208.733, -121.047, 204.616, 119.508, 721.688, -179.4, 721.688, 59, 721.688, -60.5
0, 0.22500, 204.675, 0.591504, 208.733, -121.047, 204.616, 119.508, 721.688, -179.4, 721.688, 59, 721.688, -60.5
0, 0.22600, 204.675, 0.591504, 208.733, -121.047, 204.616, 119.508, 721.688, -179.4, 721.688, 59, 721.688, -60.5
0, 0.22700, 204.675, 0.591504, 208.733, -121.047, 204.616, 119.508, 721.688, -179.4, 721.688, 59, 721.688, -60.5
0, 0.22800, 204.675, 0.591504, 208.733, -121.047, 204.616, 119.508, 721.688, -179.4, 721.688, 59, 721.688, -60.5
0, 0.22900, 204.675, 0.591504, 208.733, -121.047, 204.616, 119.508, 721.688, -179.4, 721.688, 59, 721.688, -60.5
0, 0.23000, 204.675, 0.591504, 208.733, -121.047, 204.616, 119.508, 721.688, -179.4, 721.688, 59, 721.688, -60.5
0, 0.23100, 204.675, 0.591504, 208.733, -121.047, 204.616, 119.508, 721.688, -179.4, 721.688, 59, 721.688, -60.5
0, 0.23200, 204.675, 0.591504, 208.733, -121.047, 204.616, 119.508, 721.688, -179.4, 721.688, 59, 721.688, -60.5
0, 0.23300, 204.675, 0.591504, 208.733, -121.047, 204.616, 119.508, 721.688, -179.4, 721.688, 59, 721.688, -60.5
0, 0.23400, 204.675, 0.591504, 208.733, -121.047, 204.616, 119.508, 721.688, -179.4, 721.688, 59, 721.688, -60.5
0, 0.23500, 204.675, 0.591504, 208.733, -121.047, 204.616, 119.508, 721.688, -179.4, 721.688, 59, 721.688, -60.5
0, 0.23600, 204.675, 0.591504, 208.733, -121.047, 204.616, 119.508, 721.688, -179.4, 721.688, 59, 721.688, -60.5
0, 0.23700, 204.675, 0.591504, 208.733, -121.047, 204.616, 119.508, 721.688, -179.4, 721.688, 59, 721.688, -60.5
0, 0.23800, 204.675, 0.591504, 208.733, -121.047, 204.616, 119.508, 721.688, -179.4, 721.688, 59, 721.688, -60.5
0, 0.23900, 204.675, 0.591504, 208.733, -121.047, 204.616, 119.508, 721.688, -179.4, 721.688, 59, 721.688, -60.5
0, 0.24000, 204.675, 0.591504, 208.733, -121.047, 204.616, 119.508, 721.688, -179.4, 721.688, 59, 721.688, -60.5
0, 0.24100, 204.675, 0.591504, 208.733, -121.047, 204.616, 119.508, 721.688, -179.4, 721.688, 59, 721.688, -60.5
0, 0.24200, 204.675, 0.591504, 208.733, -121.047, 204.616, 119.508, 721.688, -179.4, 721.688, 59, 721.688, -60.5
0, 0.24300, 204.675, 0.591504, 208.733, -121.047, 204.616, 119.508, 721.688, -179.4, 721.688, 59, 721.688, -60.5
0, 0.24400, 204.675, 0.591504, 208.733, -121.047, 204.616, 119.508, 721.688, -179.4, 721.688, 59, 721.688, -60.5
0, 0.24500, 204.675, 0.591504, 208.733, -121.047, 204.616, 119.508, 721.688, -179.4, 721.688, 59, 721.688, -60.5
0, 0.24600, 204.675, 0.591504, 208.733, -121.047, 204.616, 119.508, 721.688, -179.4, 721.688, 59, 721.688, -60.5
0, 0.24700, 204.675, 0.591504, 208.733, -121.047, 204.616, 119.508, 721.688, -179.4, 721.688, 59, 721.688, -60.5
0, 0.24800, 204.675, 0.591504, 208.733, -121.047, 204.616, 119.508, 721.688, -179.4, 721.688, 59, 721.688, -60.5
0, 0.24900, 204.675, 0.591504, 208.733, -121.047, 204.616, 119.508, 721.688, -179.4, 721.688, 59, 721.688, -60.5
0, 0.25000, 204.675, 0.591504, 208.733, -121.047, 204.616, 119.508, 721.688, -179.4, 721.688, 59, 721.688, -60.5
0, 0.25100, 204.675, 0.591504, 208.733, -121.047, 204.616, 119.508, 721.688, -179.4, 721.688, 59, 721.688, -60.5
0, 0.25200, 204.675, 0.591504, 208.733, -121.047, 204.616, 119.508, 721.688, -179.4, 721.688, 59, 721.688, -60.5
0, 0.25300, 204.675, 0.591504, 208.733, -121.047, 204.616, 119.508, 721.688, -179.4, 721.688, 59, 721.688, -60.5
0, 0.25400, 204.675, 0.591504, 208.733, -121.047, 204.616, 119.508, 721.688, -179.4, 721.688, 59, 721.688, -60.5
0, 0.25500, 204.675, 0.591504, 208.733, -121.047, 204.616, 119.508, 721.688, -179.4, 721.688, 59, 721.688, -60.5
0, 0.25600, 204.675, 0.591504, 208.733, -121.047, 204.616, 119.508, 721.688, -179.4, 721.688, 59, 721.688, -60.5
0, 0.25700, 204.675, 0.591504, 208.733, -121.047, 204.616, 119.508, 721.688, -179.4, 721.688, 59, 721.688, -60.5
0, 0.25800, 204.675, 0.591504, 208.733, -121.047, 204.616, 119.508, 721.688, -179.4, 721.688, 59, 721.688, -60.5
0, 0.25900, 204.675, 0.591504, 208.733, -121.047, 204.616, 119.508, 721.688, -179.4, 721.688, 59, 721.688, -60.5
0, 0.26000, 204.675, 0.591504, 208.733, -121.047, 204.616, 119.508, 721.688, -179.4, 721.688, 59, 721.688, -60.5
0, 0.26100, 204.675, 0.591504, 208.733, -121.047, 204.616, 119.508, 721.688, -179.4, 721.688, 59, 721.688, -60.5
0, 0.26200, 204.675, 0.591504, 208.733, -121.047, 204.616, 119.508, 721.688, -179.4, 721.688, 59, 721.688, -60.5
0, 0.26300, 204.675, 0.591504, 208.733, -121.047, 204.616, 119.508, 721.688, -179.4, 721.688, 59, 721.688, -60.5
0, 0.26400, 204.675, 0.591504, 208.733, -121.047, 204.616, 119.508, 721.688, -179.4, 721.688, 59, 721.688, -60.5
0, 0.26500, 204.675, 0.591504, 208.733, -121.047, 204.616, 119.508, 721.688, -179.4, 721.688, 59, 721.688, -60.5
0, 0.26600, 204.675, 0.591504, 208.733, -121.047, 204.616, 119.508, 721.688, -179.4, 721.688, 59, 721.688, -60.5
0, 0.26700, 204.675, 0.591504, 208.733, -121.047, 204.616, 119.508, 721.688, -179.4, 721.688, 59, 721.688, -60.5
0, 0.26800, 204.675, 0.591504, 208.733, -121.047, 204.616, 119.508, 721.688, -179.4, 721.688, 59, 721.688, -60.5
0, 0.26900, 204.675, 0.591504, 208.733, -121.047, 204.616, 119.508, 721.688, -179.4, 721.688, 59, 721.688, -60.5
0, 0.27000, 204.675, 0.591504, 208.733, -121.047, 204.616, 119.508, 721.688, -179.4, 721.688, 59, 721.688, -60.5
0, 0.27100, 290.094, -1.85004, 288.056, -120.64, 288.277, 119.299, 721.688, 178.1, 721.688, 59.3, 721.688, -60.7
0, 0.27200, 290.037, -1.86945, 288.022, -120.653, 288.233, 119.285, 711.813, 178.1, 713.384, 59.3, 713.182, -60.7
0, 0.27300, 290, -1.88282, 287.999, -120.663, 288.205, 119.276, 704.991, 178.1, 707.617, 59.3, 707.284, -60.7
0, 0.27400, 289.972, -1.89254, 287.983, -120.67, 288.185, 119.27, 700.008, 178.1, 703.374, 59.3, 702.982, -60.7
0, 0.27500, 289.952, -1.89956, 287.971, -120.675, 288.17, 119.265, 696.393, 178.1, 700.286, 59.3, 699.857, -60.7
0, 0.27600, 289.938, -1.90459, 287.962, -120.679, 288.159, 119.261, 693.79, 178.1, 698.05, 59.3, 697.593, -60.7
0, 0.27700, 289.928, -1.90824, 287.956, -120.681, 288.152, 119.259, 691.915, 178.1, 696.443, 59.3, 695.967, -60.7
0, 0.27800, 289.921, -1.91083, 287.952, -120.683, 288.146, 119.257, 690.583, 178.1, 695.303, 59.3, 694.811, -60.7
0, 0.27900, 289.916, -1.91262, 287.949, -120.685, 288.143, 119.256, 689.659, 178.1, 694.497, 59.3, 694.004, -60.7
0, 0.28000, 289.912, -1.91389, 287.946, -120.686, 288.14, 119.255, 688.999, 178.1, 693.913, 59.3, 693.428, -60.7
0, 0.28100, 289.909, -1.91478, 287.945, -120.686, 288.138, 119.254, 688.526, 178.1, 693.505, 59.3, 693.015, -60.7
0, 0.28200, 289.907, -1.91541, 287.944, -120.687, 288.137, 119.254, 688.207, 178.1, 693.237, 59.3, 692.736, -60.7
0, 0.28300, 289.906, -1.91582, 287.943, -120.687, 288.136, 119.254, 687.998, 178.1, 693.06, 59.3, 692.553, -60.7
0, 0.28400, 289.906, -1.91607, 287.943, -120.687, 288.135, 119.253, 687.87, 178.1, 692.951, 59.3, 692.44, -60.7
0, 0.28500, 289.905, -1.91622, 287.942, -120.687, 288.135, 119.253, 687.801, 178.1, 692.892, 59.3, 692.387, -60.7
0, 0.28600, 289.905, -1.91621, 287.942, -120.687, 288.135, 119.253, 687.785, 178.1, 692.867, 59.3, 692.368, -60.7
0, 0.28700, 289.905, -1.9162, 287.942, -120.687, 288.135, 119.253, 687.795, 178.1, 692.869, 59.3, 692.364, -60.7
0, 0.28800, 289.905, -1.91617, 287.942, -120.687, 288.135, 119.253, 687.815, 178.1, 692.888, 59.3, 692.38, -60.7
0, 0.28900, 289.905, -1.91609, 287.942, -120.687, 288.135, 119.253, 687.851, 178.1, 692.921, 59.3, 692.41, -60.7
0, 0.29000, 289.906, -1.916, 287.942, -120.687, 288.136, 119.253, 687.899, 178.1, 692.961, 59.3, 692.45, -60.7
0, 0.29100, 289.906, -1.91589, 287.943, -120.687, 288.136, 119.254, 687.954, 178.1, 693.008, 59.3, 692.495, -60.7
0, 0.29200, 289.906, -1.91578, 287.943, -120.687, 288.136, 119.254, 688.013, 178.1, 693.057, 59.3, 692.545, -60.7
0, 0.29300, 289.907, -1.91565, 287.943, -120.687, 288.136, 119.254, 688.075, 178.1, 693.109, 59.3, 692.597, -60.7
0, 0.29400, 289.907, -1.91553, 287.943, -120.687, 288.137, 119.254, 688.138, 178.1, 693.161, 59.3, 692.65, -60.7
0, 0.29500, 289.908, -1.9154, 287.943, -120.687, 288.137, 119.254, 688.202, 178.1, 693.214, 59.3, 692.703, -60.7
0, 0.29600, 289.908, -1.91528, 287.944, -120.687, 288.137, 119.254, 688.265, 178.1, 693.266, 59.3, 692.756, -60.7
0, 0.29700, 289.908, -1.91516, 287.944, -120.687, 288.137, 119.254, 688.326, 178.1, 693.317, 59.3, 692.808, -60.7
0, 0.29800, 289.909, -1.91504, 287.944, -120.686, 288.138, 119.254, 688.387, 178.1, 693.367, 59.3, 692.859, -60.7
0, 0.29900, 289.909, -1.91492, 287.944, -120.686, 288.138, 119.254, 688.445, 178.1, 693.415, 59.3, 692.908, -60.7
0, 0.30000, 289.909, -1.91481, 287.944, -120.686, 288.138, 119.254, 688.502, 178.1, 693.462, 59.3, 692.956, -60.7
0, 0.30100, 289.91, -1.9147, 287.945, -120.686, 288.138, 119.254, 688.557, 178.1, 693.508, 59.3, 693.002, -60.7
0, 0.30200, 289.91, -1.91459, 287.945, -120.686, 288.138, 119.254, 688.61, 178.1, 693.551, 59.3, 693.047, -60.7
0, 0.30300, 289.91, -1.91449, 287.945, -120.686, 288.139, 119.254, 688.661, 178.1, 693.594, 59.3, 693.09, -60.7
0, 0.30400, 289.91, -1.9144, 287.945, -120.686, 288.139, 119.254, 688.71, 178.1, 693.634, 59.3, 693.131, -60.7
0, 0.30500, 289.911, -1.91432, 287.945, -120.686, 288.139, 119.255, 688.758, 178.1, 693.663, 59.3, 693.171, -60.7
0, 0.30600, 289.911, -1.91421, 287.945, -120.686, 288.139, 119.255, 688.803, 178.1, 693.684, 59.3, 693.209, -60.7
0, 0.30700, 289.911, -1.91412, 287.945, -120.686, 288.14, 119.255, 688.847, 178.1, 693.709, 59.3, 693.246, -60.7
0, 0.30800, 289.911, -1.91403, 287.945, -120.686, 288.14, 119.255, 688.889, 178.1, 693.735, 59.3, 693.281, -60.7
0, 0.30900, 289.911, -1.91394, 287.945, -120.686, 288.14, 119.255, 688.929, 178.1, 693.763, 59.3, 693.315, -60.7
0, 0.31000, 289.912, -1.91386, 287.945, -120.686, 288.14, 119.255, 688.967, 178.1, 693.793, 59.3, 693.348, -60.7
0, 0.31100, 289.912, -1.91379, 287.945, -120.686, 288.14, 119.255, 689.004, 178.1, 693.824, 59.3, 693.379, -60.7
0, 0.31200, 289.912, -1.91372, 287.945, -120.686, 288.141, 119.255, 689.04, 178.1, 693.854, 59.3, 693.409, -60.7
0, 0.31300, 289.912, -1.91365, 287.945, -120.686, 288.141, 119.255, 689.074, 178.1, 693.878, 59.3, 693.433, -60.7
0, 0.31400, 289.912, -1.91358, 287.945, -120.686, 288.141, 119.255, 689.107, 178.1, 693.894, 59.3, 693.448, -60.7
0, 0.31500, 289.913, -1.9135, 287.945, -120.686, 288.141, 119.255, 689.138, 178.1, 693.905, 59.3, 693.46, -60.7
0, 0.31600, 289.913, -1.91342, 287.945, -120.686, 288.141, 119.255, 689.168, 178.1, 693.913, 59.3, 693.468, -60.7
0, 0.31700, 289.913, -1.91336, 287.945, -120.686, 288.141, 119.255, 689.192, 178.1, 693.919, 59.3, 693.473, -60.7
0, 0.31800, 289.913, -1.91332, 287.945, -120.686, 288.141, 119.255, 689.208, 178.1, 693.923, 59.3, 693.477, -60.7
0, 0.31900, 289.913, -1.91329, 287.945, -120.686, 288.141, 119.255, 689.219, 178.1, 693.926, 59.3, 693.48, -60.7
0, 0.32000, 289.913, -1.91327, 287.945, -120.686, 288.141, 119.255, 689.227, 178.1, 693.928, 59.3, 693.482, -60.7
0, 0.32100, 289.913, -1.91326, 287.945, -120.686, 288.141, 119.255, 689.233, 178.1, 693.929, 59.3, 693.484, -60.7
0, 0.32200, 289.913, -1.91325, 287.945, -120.686, 288.141, 119.255, 689.237, 178.1, 693.93, 59.3, 693.485, -60.7
0, 0.32300, 289.913, -1.91324, 287.945, -120.686, 288.141, 119.255, 689.24, 178.1, 693.931, 59.3, 693.485, -60.7
0, 0.32400, 289.913, -1.91324, 287.945, -120.686, 288.141, 119.255, 689.242, 178.1, 693.931, 59.3, 693.486, -60.7
0, 0.32500, 289.913, -1.91323, 287.945, -120.686, 288.141, 119.255, 689.243, 178.1, 693.932, 59.3, 693.486, -60.7
0, 0.32600, 289.913, -1.91323, 287.945, -120.686, 288.141, 119.255, 689.245, 178.1, 693.932, 59.3, 693.487, -60.7
0, 0.32700, 289.913, -1.91323, 287.945, -120.686, 288.141, 119.255, 689.245, 178.1, 693.932, 59.3, 693.487, -60.7
0, 0.32800, 289.913, -1.91323, 287.945, -120.686, 288.141, 119.255, 689.246, 178.1, 693.932, 59.3, 693.487, -60.7
0, 0.32900, 289.913, -1.91323, 287.945, -120.686, 288.141, 119.255, 689.246, 178.1, 693.932, 59.3, 693.487, -60.7
0, 0.33000, 289.913, -1.91322, 287.945, -120.686, 288.141, 119.255, 689.246, 178.1, 693.932, 59.3, 693.487, -60.7
0, 0.33100, 289.913, -1.91322, 287.945, -120.686, 288.141, 119.255, 689.247, 178.1, 693.932, 59.3, 693.487, -60.7
0, 0.33200, 289.913, -1.91322, 287.945, -120.686, 288.141, 119.255, 689.247, 178.1, 693.932, 59.3, 693.487, -60.7
0, 0.33300, 289.913, -1.91322, 287.945, -120.686, 288.141, 119.255, 689.247, 178.1, 693.932, 59.3, 693.487, -60.7
0, 0.33400, 289.913, -1.91322, 287.945, -120.686, 288.141, 119.255, 689.247, 178.1, 693.932, 59.3, 693.487, -60.7
0, 0.33500, 289.913, -1.91322, 287.945, -120.686, 288.141, 119.255, 689.247, 178.1, 693.933, 59.3, 693.487, -60.7
0, 0.33600, 289.913, -1.91322, 287.945, -120.686, 288.141, 119.255, 689.247, 178.1, 693.933, 59.3, 693.487, -60.7
0, 0.33700, 289.913, -1.91322, 287.945, -120.686, 288.141, 119.255, 689.247, 178.1, 693.933, 59.3, 693.487, -60.7
0, 0.33800, 289.913, -1.91322, 287.945, -120.686, 288.141, 119.255, 689.247, 178.1, 693.933, 59.3, 693.487, -60.7
0, 0.33900, 289.913, -1.91322, 287.945, -120.686, 288.141, 119.255, 689.247, 178.1, 693.933, 59.3, 693.487, -60.7
0, 0.34000, 289.913, -1.91322, 287.945, -120.686, 288.141, 119.255, 689.247, 178.1, 693.933, 59.3, 693.487, -60.7
0, 0.34100, 289.913, -1.91322, 287.945, -120.686, 288.141, 119.255, 689.247, 178.1, 693.933, 59.3, 693.487, -60.7
0, 0.34200, 289.913, -1.91322, 287.945, -120.686, 288.141, 119.255, 689.247, 178.1, 693.933, 59.3, 693.487, -60.7
0, 0.34300, 289.913, -1.91322, 287.945, -120.686, 288.141, 119.255, 689.247, 178.1, 693.933, 59.3, 693.487, -60.7
0, 0.34400, 289.913, -1.91322, 287.945, -120.686, 288.141, 119.255, 689.247, 178.1, 693.933, 59.3, 693.487, -60.7
0, 0.34500, 289.913, -1.91322, 287.945, -120.686, 288.141, 119.255, 689.247, 178.1, 693.933, 59.3, 693.487, -60.7
0, 0.34600, 289.913, -1.91322, 287.945, -120.686, 288.141, 119.255, 689.247, 178.1, 693.933, 59.3, 693.487, -60.7
0, 0.34700, 289.913, -1.91322, 287.945, -120.686, 288.141, 119.255, 689.247, 178.1, 693.933, 59.3, 693.487, -60.7
0, 0.34800, 289.913, -1.91322, 287.945, -120.686, 288.141, 119.255, 689.247, 178.1, 693.933, 59.3, 693.487, -60.7
0, 0.34900, 289.913, -1.91322, 287.945, -120.686, 288.141, 119.255, 689.247, 178.1, 693.933, 59.3, 693.487, -60.7
0, 0.35000, 289.913, -1.91322, 287.945, -120.686, 288.141, 119.255, 689.247, 178.1, 693.933, 59.3, 693.487, -60.7
0, 0.35100, 289.913, -1.91322, 287.945, -120.686, 288.141, 119.255, 689.247, 178.1, 693.933, 59.3, 693.487, -60.7
0, 0.35200, 289.913, -1.91322, 287.945, -120.686, 288.141, 119.255, 689.247, 178.1, 693.933, 59.3, 693.487, -60.7
0, 0.35300, 289.913, -1.91322, 287.945, -120.686, 288.141, 119.255, 689.247, 178.1, 693.933, 59.3, 693.487, -60.7
0, 0.35400, 289.913, -1.91322, 287.945, -120.686, 288.141, 119.255, 689.247, 178.1, 693.933, 59.3, 693.487, -60.7
0, 0.35500, 289.913, -1.91322, 287.945, -120.686, 288.141, 119.255, 689.247, 178.1, 693.933, 59.3, 693.487, -60.7
0, 0.35600, 289.913, -1.91322, 287.945, -120.686, 288.141, 119.255, 689.247, 178.1, 693.933, 59.3, 693.487, -60.7
0, 0.35700, 289.913, -1.91322, 287.945, -120.686, 288.141, 119.255, 689.247, 178.1, 693.933, 59.3, 693.487, -60.7
0, 0.35800, 289.913, -1.91322, 287.945, -120.686, 288.141, 119.255, 689.247, 178.1, 693.933, 59.3, 693.487, -60.7
0, 0.35900, 289.913, -1.91322, 287.945, -120.686, 288.141, 119.255, 689.247, 178.1, 693.933, 59.3, 693.487, -60.7
0, 0.36000, 289.913, -1.91322, 287.945, -120.686, 288.141, 119.255, 689.247, 178.1, 693.933, 59.3, 693.487, -60.7
0, 0.36100, 289.913, -1.91322, 287.945, -120.686, 288.141, 119.255, 689.247, 178.1, 693.933, 59.3, 693.487, -60.7
0, 0.36200, 289.913, -1.91322, 287.945, -120.686, 288.141, 119.255, 689.247, 178.1, 693.933, 59.3, 693.487, -60.7
0, 0.36300, 289.913, -1.91322, 287.945, -120.686, 288.141, 119.255, 689.247, 178.1, 693.933, 59.3, 693.487, -60.7
0, 0.36400, 289.913, -1.91322, 287.945, -120.686, 288.141, 119.255, 689.247, 178.1, 693.933, 59.3, 693.487, -60.7
0, 0.36500, 289.913, -1.91322, 287.945, -120.686, 288.141, 119.255, 689.247, 178.1, 693.933, 59.3, 693.487, -60.7
0, 0.36600, 289.913, -1.91322, 287.945, -120.686, 288.141, 119.255, 689.247, 178.1, 693.933, 59.3, 693.487, -60.7
0, 0.36700, 289.913, -1.91322, 287.945, -120.686, 288.141, 119.255, 689.247, 178.1, 693.933, 59.3, 693.487, -60.7
0, 0.36800, 289.913, -1.91322, 287.945, -120.686, 288.141, 119.255, 689.247, 178.1, 693.933, 59.3, 693.487, -60.7
0, 0.36900, 289.913, -1.91322, 287.945, -120.686, 288.141, 119.255, 689.247, 178.1, 693.933, 59.3, 693.487, -60.7
0, 0.37000, 289.913, -1.91322, 287.945, -120.686, 288.141, 119.255, 689.247, 178.1, 693.933, 59.3, 693.487, -60.7
0, 0.37100, 289.913, -1.91322, 287.945, -120.686, 288.141, 119.255, 689.247, 178.1, 693.933, 59.3, 693.487, -60.7
0, 0.37200, 289.913, -1.91322, 287.945, -120.686, 288.141, 119.255, 689.247, 178.1, 693.933, 59.3, 693.487, -60.7
0, 0.37300, 289.913, -1.91322, 287.945, -120.686, 288.141, 119.255, 689.247, 178.1, 693.933, 59.3, 693.487, -60.7
0, 0.37400, 289.913, -1.91322, 287.945, -120.686, 288.141, 119.255, 689.247, 178.1, 693.933, 59.3, 693.487, -60.7
0, 0.37500, 289.913, -1.91322, 287.945, -120.686, 288.141, 119.255, 689.247, 178.1, 693.933, 59.3, 693.487, -60.7
0, 0.37600, 289.913, -1.91322, 287.945, -120.686, 288.141, 119.255, 689.247, 178.1, 693.933, 59.3, 693.487, -60.7
0, 0.37700, 289.913, -1.91322, 287.945, -120.686, 288.141, 119.255, 689.247, 178.1, 693.933, 59.3, 693.487, -60.7
0, 0.37800, 289.913, -1.91322, 287.945, -120.686, 288.141, 119.255, 689.247, 178.1, 693.933, 59.3, 693.487, -60.7
0, 0.37900, 289.913, -1.91322, 287.945, -120.686, 288.141, 119.255, 689.247, 178.1, 693.933, 59.3, 693.487, -60.7
0, 0.38000, 289.913, -1.91322, 287.945, -120.686, 288.141, 119.255, 689.247, 178.1, 693.933, 59.3, 693.487, -60.7
0, 0.38100, 289.913, -1.91322, 287.945, -120.686, 288.141, 119.255, 689.247, 178.1, 693.933, 59.3, 693.487, -60.7
0, 0.38200, 289.913, -1.91322, 287.945, -120.686, 288.141, 119.255, 689.247, 178.1, 693.933, 59.3, 693.487, -60.7
0, 0.38300, 289.913, -1.91322, 287.945, -120.686, 288.141, 119.255, 689.247, 178.1, 693.933, 59.3, 693.487, -60.7
0, 0.38400, 289.913, -1.91322, 287.945, -120.686, 288.141, 119.255, 689.247, 178.1, 693.933, 59.3, 693.487, -60.7
0, 0.38500, 289.913, -1.91322, 287.945, -120.686, 288.141, 119.255, 689.247, 178.1, 693.933, 59.3, 693.487, -60.7
0, 0.38600, 289.913, -1.91322, 287.945, -120.686, 288.141, 119.255, 689.247, 178.1, 693.933, 59.3, 693.487, -60.7
0, 0.38700, 289.913, -1.91322, 287.945, -120.686, 288.141, 119.255, 689.247, 178.1, 693.933, 59.3, 693.487, -60.7
0, 0.38800, 289.913, -1.91322, 287.945, -120.686, 288.141, 119.255, 689.247, 178.1, 693.933, 59.3, 693.487, -60.7
0, 0.38900, 289.913, -1.91322, 287.945, -120.686, 288.141, 119.255, 689.247, 178.1, 693.933, 59.3, 693.487, -60.7
0, 0.39000, 289.913, -1.91322, 287.945, -120.686, 288.141, 119.255, 689.247, 178.1, 693.933, 59.3, 693.487, -60.7
0, 0.39100, 289.913, -1.91322, 287.945, -120.686, 288.141, 119.255, 689.247, 178.1, 693.933, 59.3, 693.487, -60.7
0, 0.39200, 289.913, -1.91322, 287.945, -120.686, 288.141, 119.255, 689.247, 178.1, 693.933, 59.3, 693.487, -60.7
0, 0.39300, 289.913, -1.91322, 287.945, -120.686, 288.141, 119.255, 689.247, 178.1, 693.933, 59.3, 693.487, -60.7
0, 0.39400, 289.913, -1.91322, 287.945, -120.686, 288.141, 119.255, 689.247, 178.1, 693.933, 59.3, 693.487, -60.7
0, 0.39500, 289.913, -1.91322, 287.945, -120.686, 288.141, 119.255, 689.247, 178.1, 693.933, 59.3, 693.487, -60.7
0, 0.39600, 289.913, -1.91322, 287.945, -120.686, 288.141, 119.255, 689.247, 178.1, 693.933, 59.3, 693.487, -60.7
0, 0.39700, 289.913, -1.91322, 287.945, -120.686, 288.141, 119.255, 689.247, 178.1, 693.933, 59.3, 693.487, -60.7
0, 0.39800, 289.913, -1.91322, 287.945, -120.686, 288.141, 119.255, 689.247, 178.1, 693.933, 59.3, 693.487, -60.7
0, 0.39900, 289.913, -1.91322, 287.945, -120.686, 288.141, 119.255, 689.247, 178.1, 693.933, 59.3, 693.487, -60.7
0, 0.40000, 289.913, -1.91322, 287.945, -120.686, 288.141, 119.255, 689.247, 178.1, 693.933, 59.3, 693.487, -60.7
0, 0.40100, 289.913, -1.91322, 287.945, -120.686, 288.141, 119.255, 689.247, 178.1, 693.933, 59.3, 693.487, -60.7
0, 0.40200, 289.913, -1.91322, 287.945, -120.686, 288.141, 119.255, 689.247, 178.1, 693.933, 59.3, 693.487, -60.7
0, 0.40300, 289.913, -1.91322, 287.945, -120.686, 288.141, 119.255, 689.247, 178.1, 693.933, 59.3, 693.487, -60.7
0, 0.40400, 289.913, -1.91322, 287.945, -120.686, 288.141, 119.255, 689.247, 178.1, 693.933, 59.3, 693.487, -60.7
0, 0.40500, 289.913, -1.91322, 287.945, -120.686, 288.141, 119.255, 689.247, 178.1, 693.933, 59.3, 693.487, -60.7
0, 0.40600, 289.913, -1.91322, 287.945, -120.686, 288.141, 119.255, 689.247, 178.1, 693.933, 59.3, 693.487, -60.7
0, 0.40700, 289.913, -1.91322, 287.945, -120.686, 288.141, 119.255, 689.247, 178.1, 693.933, 59.3, 693.487, -60.7
0, 0.40800, 289.913, -1.91322, 287.945, -120.686, 288.141, 119.255, 689.247, 178.1, 693.933, 59.3, 693.487, -60.7
0, 0.40900, 289.913, -1.91322, 287.945, -120.686, 288.141, 119.255, 689.247, 178.1, 693.933, 59.3, 693.487, -60.7
0, 0.41000, 289.913, -1.91322, 287.945, -120.686, 288.141, 119.255, 689.247, 178.1, 693.933, 59.3, 693.487, -60.7
0, 0.41100, 289.913, -1.91322, 287.945, -120.686, 288.141, 119.255, 689.247, 178.1, 693.933, 59.3, 693.487, -60.7
0, 0.41200, 289.913, -1.91322, 287.945, -120.686, 288.141, 119.255, 689.247, 178.1, 693.933, 59.3, 693.487, -60.7
0, 0.41300, 289.913, -1.91322, 287.945, -120.686, 288.141, 119.255, 689.247, 178.1, 693.933, 59.3, 693.487, -60.7
0, 0.41400, 289.913, -1.91322, 287.945, -120.686, 288.141, 119.255, 689.247, 178.1, 693.933, 59.3, 693.487, -60.7
0, 0.41500, 289.913, -1.91322, 287.945, -120.686, 288.141, 119.255, 689.247, 178.1, 693.933, 59.3, 693.487, -60.7
0, 0.41600, 289.913, -1.91322, 287.945, -120.686, 288.141, 119.255, 689.247, 178.1, 693.933, 59.3, 693.487, -60.7
0, 0.41700, 289.913, -1.91322, 287.945, -120.686, 288.141, 119.255, 689.247, 178.1, 693.933, 59.3, 693.487, -60.7
0, 0.41800, 289.913, -1.91322, 287.945, -120.686, 288.141, 119.255, 689.247, 178.1, 693.933, 59.3, 693.487, -60.7
0, 0.41900, 289.913, -1.91322, 287.945, -120.686, 288.141, 119.255, 689.247, 178.1, 693.933, 59.3, 693.487, -60.7
0, 0.42000, 289.913, -1.91322, 287.945, -120.686, 288.141, 119.255, 689.247, 178.1, 693.933, 59.3, 693.487, -60.7
0, 0.42100, 289.913, -1.91322, 287.945, -120.686, 288.141, 119.255, 689.247, 178.1, 693.933, 59.3, 693.487, -60.7
0, 0.42200, 289.913, -1.91322, 287.945, -120.686, 288.141, 119.255, 689.247, 178.1, 693.933, 59.3, 693.487, -60.7
0, 0.42300, 289.913, -1.91322, 287.945, -120.686, 288.141, 119.255, 689.247, 178.1, 693.933, 59.3, 693.487, -60.7
0, 0.42400, 289.913, -1.91322, 287.945, -120.686, 288.141, 119.255, 689.247, 178.1, 693.933, 59.3, 693.487, -60.7
0, 0.42500, 289.913, -1.91322, 287.945, -120.686, 288.141, 119.255, 689.247, 178.1, 693.933, 59.3, 693.487, -60.7
0, 0.42600, 289.913, -1.91322, 287.945, -120.686, 288.141, 119.255, 689.247, 178.1, 693.933, 59.3, 693.487, -60.7
0, 0.42700, 289.913, -1.91322, 287.945, -120.686, 288.141, 119.255, 689.247, 178.1, 693.933, 59.3, 693.487, -60.7
0, 0.42800, 289.913, -1.91322, 287.945, -120.686, 288.141, 119.255, 689.247, 178.1, 693.933, 59.3, 693.487, -60.7
0, 0.42900, 289.913, -1.91322, 287.945, -120.686, 288.141, 119.255, 689.247, 178.1, 693.933, 59.3, 693.487, -60.7
0, 0.43000, 289.913, -1.91322, 287.945, -120.686, 288.141, 119.255, 689.247, 178.1, 693.933, 59.3, 693.487, -60.7
0, 0.43100, 289.913, -1.91322, 287.945, -120.686, 288.141, 119.255, 689.247, 178.1, 693.933, 59.3, 693.487, -60.7
0, 0.43200, 289.913, -1.91322, 287.945, -120.686, 288.141, 119.255, 689.247, 178.1, 693.933, 59.3, 693.487, -60.7
0, 0.43300, 289.913, -1.91322, 287.945, -120.686, 288.141, 119.255, 689.247, 178.1, 693.933, 59.3, 693.487, -60.7
0, 0.43400, 289.913, -1.91322, 287.945, -120.686, 288.141, 119.255, 689.247, 178.1, 693.933, 59.3, 693.487, -60.7
0, 0.43500, 289.913, -1.91322, 287.945, -120.686, 288.141, 119.255, 689.247, 178.1, 693.933, 59.3, 693.487, -60.7
0, 0.43600, 289.913, -1.91322, 287.945, -120.686, 288.141, 119.255, 689.247, 178.1, 693.933, 59.3, 693.487, -60.7
0, 0.43700, 289.913, -1.91322, 287.945, -120.686, 288.141, 119.255, 689.247, 178.1, 693.933, 59.3, 693.487, -60.7
0, 0.43800, 289.913, -1.91322, 287.945, -120.686, 288.141, 119.255, 689.247, 178.1, 693.933, 59.3, 693.487, -60.7
0, 0.43900, 289.913, -1.91322, 287.945, -120.686, 288.141, 119.255, 689.247, 178.1, 693.933, 59.3, 693.487, -60.7
0, 0.44000, 289.913, -1.91322, 287.945, -120.686, 288.141, 119.255, 689.247, 178.1, 693.933, 59.3, 693.487, -60.7
0, 0.44100, 289.913, -1.91322, 287.945, -120.686, 288.141, 119.255, 689.247, 178.1, 693.933, 59.3, 693.487, -60.7
0, 0.44200, 289.913, -1.91322, 287.945, -120.686, 288.141, 119.255, 689.247, 178.1, 693.933, 59.3, 693.487, -60.7
0, 0.44300, 289.913, -1.91322, 287.945, -120.686, 288.141, 119.255, 689.247, 178.1, 693.933, 59.3, 693.487, -60.7
0, 0.44400, 289.913, -1.91322, 287.945, -120.686, 288.141, 119.255, 689.247, 178.1, 693.933, 59.3, 693.487, -60.7
0, 0.44500, 289.913, -1.91322, 287.945, -120.686, 288.141, 119.255, 689.247, 178.1, 693.933, 59.3, 693.487, -60.7
0, 0.44600, 289.913, -1.91322, 287.945, -120.686, 288.141, 119.255, 689.247, 178.1, 693.933, 59.3, 693.487, -60.7
0, 0.44700, 289.913, -1.91322, 287.945, -120.686, 288.141, 119.255, 689.247, 178.1, 693.933, 59.3, 693.487, -60.7
0, 0.44800, 289.913, -1.91322, 287.945, -120.686, 288.141, 119.255, 689.247, 178.1, 693.933, 59.3, 693.487, -60.7
0, 0.44900, 289.913, -1.91322, 287.945, -120.686, 288.141, 119.255, 689.247, 178.1, 693.933, 59.3, 693.487, -60.7
0, 0.45000, 289.913, -1.91322, 287.945, -120.686, 288.141, 119.255, 689.247, 178.1, 693.933, 59.3, 693.487, -60.7
0, 0.45100, 289.913, -1.91322, 287.945, -120.686, 288.141, 119.255, 689.247, 178.1, 693.933, 59.3, 693.487, -60.7
0, 0.45200, 289.913, -1.91322, 287.945, -120.686, 288.141, 119.255, 689.247, 178.1, 693.933, 59.3, 693.487, -60.7
0, 0.45300, 289.913, -1.91322, 287.945, -120.686, 288.141, 119.255, 689.247, 178.1, 693.933, 59.3, 693.487, -60.7
0, 0.45400, 289.913, -1.91322, 287.945, -120.686, 288.141, 119.255, 689.247, 178.1, 693.933, 59.3, 693.487, -60.7
0, 0.45500, 289.913, -1.91322, 287.945, -120.686, 288.141, 119.255, 689.247, 178.1, 693.933, 59.3, 693.487, -60.7
0, 0.45600, 289.913, -1.91322, 287.945, -120.686, 288.141, 119.255, 689.247, 178.1, 693.933, 59.3, 693.487, -60.7
0, 0.45700, 289.913, -1.91322, 287.945, -120.686, 288.141, 119.255, 689.247, 178.1, 693.933, 59.3, 693.487, -60.7
0, 0.45800, 289.913, -1.91322, 287.945, -120.686, 288.141, 119.255, 689.247, 178.1, 693.933, 59.3, 693.487, -60.7
0, 0.45900, 289.913, -1.91322, 287.945, -120.686, 288.141, 119.255, 689.247, 178.1, 693.933, 59.3, 693.487, -60.7
0, 0.46000, 289.913, -1.91322, 287.945, -120.686, 288.141, 119.255, 689.247, 178.1, 693.933, 59.3, 693.487, -60.7
0, 0.46100, 289.913, -1.91322, 287.945, -120.686, 288.141, 119.255, 689.247, 178.1, 693.933, 59.3, 693.487, -60.7
0, 0.46200, 289.913, -1.91322, 287.945, -120.686, 288.141, 119.255, 689.247, 178.1, 693.933, 59.3, 693.487, -60.7
0, 0.46300, 289.913, -1.91322, 287.945, -120.686, 288.141, 119.255, 689.247, 178.1, 693.933, 59.3, 693.487, -60.7
0, 0.46400, 289.913, -1.91322, 287.945, -120.686, 288.141, 119.255, 689.247, 178.1, 693.933, 59.3, 693.487, -60.7
0, 0.46500, 289.913, -1.91322, 287.945, -120.686, 288.141, 119.255, 689.247, 178.1, 693.933, 59.3, 693.487, -60.7
0, 0.46600, 289.913, -1.91322, 287.945, -120.686, 288.141, 119.255, 689.247, 178.1, 693.933, 59.3, 693.487, -60.7
0, 0.46700, 289.913, -1.91322, 287.945, -120.686, 288.141, 119.255, 689.247, 178.1, 693.933, 59.3, 693.487, -60.7
0, 0.46800, 289.913, -1.91322, 287.945, -120.686, 288.141, 119.255, 689.247, 178.1, 693.933, 59.3, 693.487, -60.7
0, 0.46900, 289.913, -1.91322, 287.945, -120.686, 288.141, 119.255, 689.247, 178.1, 693.933, 59.3, 693.487, -60.7
0, 0.47000, 289.913, -1.91322, 287.945, -120.686, 288.141, 119.255, 689.247, 178.1, 693.933, 59.3, 693.487, -60.7
